,time,x_accel,y_accel,z_accel,temp
0,0.0,0.00097265625,-0.06394921875,-0.12784375,-11257
1,0.01,0.00099609375,-0.12784375,-0.12784375,-16378
2,0.02,0.00099609375,-0.12784375,-0.12784375,-32762
3,0.03,-0.0639765625,-0.001890625,-0.12784375,-16378
4,0.04,-0.06399609375,-0.12784375,-0.12784375,-12282
5,0.05,0.000984375,-0.12784375,-0.12784375,-11258
6,0.060000000000000005,0.00099609375,-0.12784375,-0.12784375,-11258
7,0.07,-0.12798828125,-0.12784375,-0.12784375,-16378
8,0.08,0.000984375,-0.12784375,-0.12784375,-11258
9,0.09,0.00099609375,-0.12784375,-0.12784375,-11257
10,0.09999999999999999,-0.0639765625,-0.12784375,-0.12784375,-16378
11,0.10999999999999999,-0.06398828125,-0.12784375,-0.12784375,-16378
12,0.11999999999999998,0.0009921875,-0.12784375,-0.12784375,-11257
13,0.12999999999999998,0.000984375,-0.12784375,-0.12784375,-16378
14,0.13999999999999999,-0.06398828125,-0.12784375,-0.12784375,-32762
15,0.15,0.00099609375,-0.12784375,-0.12784375,-11258
16,0.16,0.00099609375,-0.12784375,-0.12784375,-11258
17,0.17,-0.033,-0.12784375,-0.12784375,-16378
18,0.18000000000000002,-0.1279765625,-0.0019375,0.00015625,-32762
19,0.19000000000000003,-0.06398828125,-0.12784375,-0.12784375,-16378
20,0.20000000000000004,0.00099609375,-0.12784375,-0.12784375,-11258
21,0.21000000000000005,0.00099609375,-0.12784375,-0.12784375,-11258
22,0.22000000000000006,-0.06398828125,-0.12784375,-0.12784375,-16378
23,0.23000000000000007,0.000984375,-0.12784375,-0.12784375,-11258
24,0.24000000000000007,0.000984375,-0.12784375,-0.12784375,-12282
25,0.25000000000000006,-0.06398828125,-0.12784375,-0.12784375,-16378
26,0.26000000000000006,-0.06398828125,-0.00187890625,-0.12784375,-11258
27,0.2700000000000001,0.00099609375,-0.12784375,-0.12784375,-16378
28,0.2800000000000001,0.0009921875,-0.12784375,-0.12784375,-16378
29,0.2900000000000001,-0.06398828125,-0.12784375,-0.12784375,-16378
30,0.3000000000000001,0.0009921875,-0.12784375,-0.12784375,-16378
31,0.3100000000000001,0.0009921875,-0.12784375,-0.12784375,-11258
32,0.3200000000000001,-0.12798828125,-0.12784375,-0.12784375,-32762
33,0.3300000000000001,-0.0639765625,-0.0019375,-0.12784375,-15354
34,0.34000000000000014,-0.06399609375,-0.12784375,-0.12784375,-16378
35,0.35000000000000014,0.00099609375,-0.12784375,-0.12784375,-11257
36,0.36000000000000015,0.00099609375,-0.12784375,-0.12784375,-11001
37,0.37000000000000016,-0.0639765625,-0.00187890625,-0.12784375,-16378
38,0.38000000000000017,0.0009921875,-0.12784375,-0.12784375,-11258
39,0.3900000000000002,0.00099609375,-0.12784375,-0.12784375,-11258
40,0.4000000000000002,-0.06398828125,-0.12784375,-0.12784375,-12282
41,0.4100000000000002,-0.06398828125,-0.12784375,-0.12784375,-16378
42,0.4200000000000002,0.00099609375,-0.12784375,-0.12784375,-12282
43,0.4300000000000002,0.000984375,-0.12784375,-0.12784375,-15354
44,0.4400000000000002,-0.06399609375,-0.12784375,-0.12784375,-16378
45,0.45000000000000023,-0.0639765625,-0.12784375,-0.12784375,-12282
46,0.46000000000000024,0.00097265625,-0.12784375,-0.12784375,-11258
47,0.47000000000000025,0.00099609375,-0.12784375,-0.12784375,-11258
48,0.48000000000000026,-0.06398828125,-0.0018828125,-0.12784375,-11258
49,0.49000000000000027,-0.06398828125,-0.12784375,-0.12784375,-16371
50,0.5000000000000002,0.00099609375,-0.12784375,-0.12784375,-11258
51,0.5100000000000002,-0.12798828125,-0.12784375,-0.12784375,-32762
52,0.5200000000000002,-0.06398828125,-0.12784375,-0.12784375,-12282
53,0.5300000000000002,0.00099609375,-0.12784375,-0.12784375,-11257
54,0.5400000000000003,0.00099609375,-0.12784375,-0.12784375,-11257
55,0.5500000000000003,-0.0639765625,-0.12784375,-0.12784375,-16378
56,0.5600000000000003,-0.06398828125,-0.12784375,-0.12784375,-16378
57,0.5700000000000003,0.0009921875,-0.12784375,-0.12784375,-11770
58,0.5800000000000003,0.0009921875,-0.12784375,-0.12784375,-11258
59,0.5900000000000003,-0.06398828125,-0.12784375,-0.12784375,-11258
60,0.6000000000000003,-0.12798828125,-0.12784375,-0.12784375,-12282
61,0.6100000000000003,0.0009921875,-0.12784375,-0.12784375,-16378
62,0.6200000000000003,-0.06399609375,-0.12784375,-0.12784375,-32762
63,0.6300000000000003,-0.0639765625,-0.0019375,-0.12784375,-11257
64,0.6400000000000003,-0.034,-0.12784375,-0.12784375,-32755
65,0.6500000000000004,0.000984375,-0.12784375,-0.12784375,-11258
66,0.6600000000000004,0.00099609375,-0.12784375,-0.12784375,-11257
67,0.6700000000000004,-0.1279765625,-0.12784375,-0.12784375,-16378
68,0.6800000000000004,-0.12798828125,-0.12784375,-0.12784375,-32762
69,0.6900000000000004,0.00099609375,-0.12784375,-0.12784375,-15354
70,0.7000000000000004,-0.06398828125,-0.12784375,-0.12784375,-12282
71,0.7100000000000004,-0.0639765625,-0.12784375,-0.12784375,-12282
72,0.7200000000000004,-0.06399609375,-0.12784375,-0.12784375,-11258
73,0.7300000000000004,0.0009921875,-0.12784375,-0.12784375,-16378
74,0.7400000000000004,-0.06398828125,-0.12784375,-0.12784375,-16378
75,0.7500000000000004,-0.06398828125,-0.12784375,-0.12784375,-16378
76,0.7600000000000005,-0.06399609375,-0.12784375,-0.12784375,-11258
77,0.7700000000000005,-0.06398828125,-0.12784375,-0.12784375,-16378
78,0.7800000000000005,-0.0639765625,-0.12784375,-0.12784375,-32755
79,0.7900000000000005,0.00099609375,-0.12784375,-0.12784375,-16378
80,0.8000000000000005,0.00099609375,-0.12784375,-0.12784375,-12282
81,0.8100000000000005,-0.033,-0.12784375,-0.12784375,-12282
82,0.8200000000000005,-0.0639765625,-0.00187890625,-0.12784375,-11257
83,0.8300000000000005,-0.06398828125,-0.12784375,-0.12784375,-12282
84,0.8400000000000005,0.00099609375,-0.12784375,-0.12784375,-16378
85,0.8500000000000005,-0.0639765625,-0.12784375,-0.12784375,-16378
86,0.8600000000000005,-0.12798828125,-0.12784375,0.00015625,-16378
87,0.8700000000000006,0.00099609375,-0.12784375,-0.12784375,-16378
88,0.8800000000000006,0.00099609375,-0.12784375,-0.12784375,-11257
89,0.8900000000000006,-0.06398828125,-0.12784375,-0.12784375,-11258
90,0.9000000000000006,-0.06398828125,-0.12784375,-0.12784375,-12282
91,0.9100000000000006,0.0009921875,-0.12784375,-0.12784375,-11258
92,0.9200000000000006,0.0009921875,-0.12784375,-0.12784375,-16378
93,0.9300000000000006,-0.0639765625,-0.08287890625,-0.12784375,-11257
94,0.9400000000000006,-0.06398828125,-0.12784375,-0.12784375,-16378
95,0.9500000000000006,0.000984375,-0.12784375,-0.12784375,-11258
96,0.9600000000000006,0.00099609375,-0.12784375,-0.12784375,-16378
97,0.9700000000000006,-0.05999609375,-0.12784375,-0.12784375,-16378
98,0.9800000000000006,-0.06398828125,-0.12784375,-0.12784375,-32762
99,0.9900000000000007,0.0009921875,0.00015625,-0.12784375,-12282
100,1.0000000000000007,0.00099609375,-0.12784375,-0.12784375,-11258
101,1.0100000000000007,-0.06398828125,-0.00187890625,0.00015625,-11257
102,1.0200000000000007,0.0009921875,-0.12784375,-0.12784375,-11258
103,1.0300000000000007,0.00099609375,0.00015625,-0.12784375,-11258
104,1.0400000000000007,0.00099609375,-0.12784375,-0.12784375,-12282
105,1.0500000000000007,-0.1279765625,-0.12784375,-0.12784375,-16378
106,1.0600000000000007,3.90625e-06,-0.12784375,0.00015625,-16378
107,1.0700000000000007,-0.06399609375,-0.12784375,-0.12784375,-12282
108,1.0800000000000007,-0.0639765625,-0.12784375,-0.12784375,-12282
109,1.0900000000000007,-0.06398828125,-0.12784375,-0.12784375,-16378
110,1.1000000000000008,0.0009921875,-0.12784375,-0.12784375,-11258
111,1.1100000000000008,0.00099609375,-0.12784375,0.00015625,-15354
112,1.1200000000000008,-0.0639765625,-0.12784375,-0.12784375,-16378
113,1.1300000000000008,-0.0639765625,-0.12784375,-0.12784375,-16378
114,1.1400000000000008,0.0009921875,-0.12784375,-0.12784375,-16378
115,1.1500000000000008,-0.06398828125,-0.12784375,-0.12784375,-11258
116,1.1600000000000008,-0.06398828125,-0.12784375,-0.12784375,-12282
117,1.1700000000000008,0.0009921875,-0.12784375,-0.12784375,-11258
118,1.1800000000000008,0.00099609375,-0.12784375,-0.12784375,-16378
119,1.1900000000000008,-0.033,-0.12784375,-0.12784375,-16378
120,1.2000000000000008,-0.0639765625,-0.00187890625,-0.12784375,-11257
121,1.2100000000000009,-0.06399609375,-0.12784375,-0.12784375,-16378
122,1.2200000000000009,0.0009921875,-0.12784375,-0.12784375,-16378
123,1.2300000000000009,-0.1279765625,-0.12784375,-0.12784375,-16378
124,1.2400000000000009,-0.12798828125,-0.12784375,-0.12784375,-32762
125,1.2500000000000009,0.00099609375,-0.12784375,-0.12784375,-11257
126,1.260000000000001,0.00099609375,-0.12784375,-0.12784375,-11257
127,1.270000000000001,-0.0639765625,-0.12784375,-0.12784375,-12282
128,1.280000000000001,-0.1279765625,-0.12784375,-0.12784375,-16378
129,1.290000000000001,0.00099609375,-0.12784375,-0.12784375,-11258
130,1.300000000000001,-0.1279765625,-0.12784375,-0.12784375,-16378
131,1.310000000000001,-0.0639765625,-0.0019375,0.00015625,-15354
132,1.320000000000001,-0.06399609375,-0.12784375,-0.12784375,-32762
133,1.330000000000001,0.00099609375,-0.12784375,-0.12784375,-16378
134,1.340000000000001,-0.06398828125,-0.12784375,-0.12784375,6
135,1.350000000000001,-0.1279765625,-0.12784375,-0.12784375,-32762
136,1.360000000000001,-0.06399609375,-0.12784375,-0.12784375,-16378
137,1.370000000000001,0.0009921875,-0.12784375,-0.12784375,-16378
138,1.380000000000001,-0.0639765625,-0.06387890625,-0.12784375,-11258
139,1.390000000000001,-0.06398828125,-0.12784375,-0.12784375,-12282
140,1.400000000000001,0.0009921875,-0.12784375,-0.12784375,-16378
141,1.410000000000001,0.00099609375,-0.12784375,-0.12784375,-32762
142,1.420000000000001,-0.0639765625,-0.12784375,-0.12784375,-11258
143,1.430000000000001,-0.0639765625,-0.12784375,-0.12784375,-11258
144,1.440000000000001,0.00099609375,-0.12784375,-0.12784375,-11257
145,1.450000000000001,-0.0639765625,-0.12784375,-0.12784375,-16378
146,1.460000000000001,0.0009921875,-0.12784375,-0.12784375,-32762
147,1.470000000000001,0.00099609375,-0.12784375,-0.12784375,-16378
148,1.480000000000001,-0.06398828125,-0.12784375,-0.12784375,-16378
149,1.490000000000001,-0.0639765625,-0.0018828125,-0.12784375,-16378
150,1.500000000000001,-0.06399609375,-0.12784375,-0.12784375,-16378
151,1.5100000000000011,-0.12798828125,-0.12784375,-0.12784375,-32762
152,1.5200000000000011,-0.0639765625,-0.12784375,-0.12784375,-12282
153,1.5300000000000011,-0.12798828125,-0.12784375,-0.12784375,-12282
154,1.5400000000000011,0.00099609375,-0.12784375,-0.12784375,-11257
155,1.5500000000000012,0.00099609375,-0.12784375,-0.12784375,-11258
156,1.5600000000000012,-0.0639765625,-0.12784375,-0.12784375,-12282
157,1.5700000000000012,-0.06398828125,-0.12784375,-0.12784375,-16378
158,1.5800000000000012,0.0009921875,-0.12784375,-0.12784375,-11258
159,1.5900000000000012,-0.12798828125,-0.12784375,-0.12784375,-16378
160,1.6000000000000012,-0.06398828125,-0.0019375,-0.12784375,-11257
161,1.6100000000000012,-0.06398828125,-0.12784375,-0.12784375,-11258
162,1.6200000000000012,0.0009921875,-0.12784375,-0.12784375,-11257
163,1.6300000000000012,-0.06398828125,-0.12784375,-0.12784375,-12282
164,1.6400000000000012,-0.0639765625,-0.12784375,-0.12784375,-16378
165,1.6500000000000012,-0.06399609375,-0.12784375,-0.12784375,-12282
166,1.6600000000000013,0.0009921875,-0.12784375,-0.12784375,-16378
167,1.6700000000000013,-0.06399609375,-0.12784375,-0.12784375,-32762
168,1.6800000000000013,-0.06399609375,-0.12784375,-0.12784375,-12282
169,1.6900000000000013,0.00099609375,-0.12784375,-0.12784375,-15354
170,1.7000000000000013,-0.06399609375,-0.12784375,0.00015625,-16378
171,1.7100000000000013,-0.0639765625,-0.12784375,-0.12784375,-16378
172,1.7200000000000013,-0.0639765625,-0.12784375,-0.12784375,-11258
173,1.7300000000000013,-0.033,-0.12784375,-0.12784375,-12282
174,1.7400000000000013,0.00099609375,-0.12784375,-0.12784375,-11258
175,1.7500000000000013,-0.06398828125,-0.12784375,-0.12784375,-16378
176,1.7600000000000013,-0.0639765625,-0.0019375,-0.12784375,-15097
177,1.7700000000000014,0.0009921875,0.00015625,0.00015625,-16378
178,1.7800000000000014,-0.06398828125,-0.12784375,-0.12784375,-32762
179,1.7900000000000014,-0.0639765625,-0.12784375,-0.12784375,-11258
180,1.8000000000000014,-0.06398828125,-0.12784375,-0.12784375,-16378
181,1.8100000000000014,0.00099609375,-0.12784375,-0.12784375,-11258
182,1.8200000000000014,-0.06398828125,-0.12784375,-0.12784375,-15354
183,1.8300000000000014,-0.0639765625,-0.12784375,-0.12784375,-12282
184,1.8400000000000014,-0.06398828125,-0.12784375,-0.12784375,-16371
185,1.8500000000000014,-0.06399609375,-0.12784375,-0.12784375,-11258
186,1.8600000000000014,-0.0639765625,-0.12784375,-0.12784375,-16371
187,1.8700000000000014,-0.1279765625,-0.12784375,-0.12784375,-16378
188,1.8800000000000014,-0.06399609375,-0.12784375,-0.12784375,-16378
189,1.8900000000000015,0.00099609375,-0.12784375,-0.12784375,-16378
190,1.9000000000000015,-0.12798828125,-0.12784375,-0.12784375,-16378
191,1.9100000000000015,-0.1279765625,-0.12784375,-0.12784375,-12282
192,1.9200000000000015,0.00099609375,-0.12784375,-0.12784375,-12282
193,1.9300000000000015,0.0009921875,-0.12784375,-0.12784375,-11258
194,1.9400000000000015,-0.0639765625,-0.12784375,-0.12784375,-16378
195,1.9500000000000015,-0.12798828125,-0.12784375,-0.12784375,-15354
196,1.9600000000000015,0.0009921875,-0.12784375,-0.12784375,-32762
197,1.9700000000000015,-0.06399609375,-0.12784375,-0.12784375,-16378
198,1.9800000000000015,-0.0639765625,-0.12784375,-0.12784375,-16371
199,1.9900000000000015,-0.06398828125,-0.12784375,-0.12784375,-16378
200,2.0000000000000013,0.0009921875,-0.12784375,-0.12784375,-11258
201,2.010000000000001,-0.06398828125,-0.12784375,-0.12784375,-16378
202,2.020000000000001,-0.06398828125,-0.12784375,-0.12784375,-32762
203,2.0300000000000007,0.00099609375,-0.12784375,-0.12784375,-16378
204,2.0400000000000005,0.00099609375,-0.12784375,-0.12784375,-11258
205,2.0500000000000003,-0.06398828125,-0.12784375,-0.12784375,-12282
206,2.06,-0.0639765625,-0.12784375,-0.12784375,-12282
207,2.07,-0.06399609375,-0.12784375,-0.12784375,-16378
208,2.0799999999999996,0.0009921875,-0.12784375,-0.12784375,-11258
209,2.0899999999999994,-0.06398828125,-0.12784375,-0.12784375,-12282
210,2.099999999999999,-0.0639765625,-0.12784375,-0.12784375,-12282
211,2.109999999999999,0.00099609375,-0.12784375,-0.12784375,-11258
212,2.1199999999999988,-0.06399609375,-0.12784375,-0.12784375,-12282
213,2.1299999999999986,-0.0639765625,-0.00187890625,-0.12784375,-9722
214,2.1399999999999983,-0.06398828125,-0.12784375,-0.12784375,-16378
215,2.149999999999998,0.00099609375,-0.12784375,0.00015625,-16371
216,2.159999999999998,0.00099609375,0.00015625,-0.12784375,-16378
217,2.1699999999999977,-0.0639765625,-0.12784375,-0.12784375,-12282
218,2.1799999999999975,-0.0639765625,-0.12784375,-0.12784375,-12282
219,2.1899999999999973,0.0009921875,-0.12784375,-0.12784375,-11258
220,2.199999999999997,-0.06398828125,-0.12784375,-0.12784375,-32762
221,2.209999999999997,-0.0639765625,-0.0019375,-0.12784375,-16377
222,2.2199999999999966,0.00099609375,-0.12784375,-0.12784375,-11258
223,2.2299999999999964,0.00099609375,-0.12784375,-0.12784375,-11258
224,2.239999999999996,-0.12798828125,-0.12784375,-0.12784375,-16378
225,2.249999999999996,-0.0639765625,-0.12784375,-0.12784375,-16378
226,2.259999999999996,-0.06399609375,-0.12784375,-0.12784375,-12282
227,2.2699999999999956,0.06324609375,-3.90625e-06,-3.90625e-06,-129
228,2.2799999999999954,-3.90625e-06,-3.90625e-06,-3.90625e-06,32575
229,2.289999999999995,-3.90625e-06,0.06399609375,-3.90625e-06,16191
230,2.299999999999995,0.06324609375,0.06324609375,0.06324609375,-1
231,2.3099999999999947,0.06349609375,-0.00050390625,-3.90625e-06,-1
232,2.3199999999999945,0.06324609375,0.06324609375,0.06324609375,16191
233,2.3299999999999943,0.06324609375,0.06324609375,0.06324609375,-1
234,2.339999999999994,0.06399609375,0.06324609375,-3.90625e-06,-1
235,2.349999999999994,-3.90625e-06,0.06324609375,0.06349609375,-1
236,2.3599999999999937,-0.0639765625,-0.12784375,-0.12784375,-16378
237,2.3699999999999934,-0.0639765625,-0.12784375,-0.12784375,-12282
238,2.3799999999999932,-0.06399609375,-0.12784375,-0.12784375,-16378
239,2.389999999999993,0.00099609375,-0.12784375,-0.12784375,-16371
240,2.399999999999993,-0.0639765625,-0.12784375,-0.12784375,-16378
241,2.4099999999999926,-0.0639765625,-0.00187890625,-0.12784375,-11257
242,2.4199999999999924,-0.0639765625,-0.12784375,-0.12784375,-12282
243,2.429999999999992,-0.0639765625,-0.12784375,-0.12784375,-16371
244,2.439999999999992,-0.0639765625,-0.12784375,-0.12784375,-12282
245,2.4499999999999917,-0.06398828125,-0.12784375,-0.12784375,-12282
246,2.4599999999999915,0.00099609375,-0.12784375,-0.12784375,-11258
247,2.4699999999999913,-0.06399609375,-0.12784375,-0.12784375,-16378
248,2.479999999999991,-0.0639765625,0.00015625,-0.12784375,-16378
249,2.489999999999991,-0.1279765625,-0.00187890625,-0.12784375,-16378
250,2.4999999999999907,0.00099609375,-0.12784375,-0.12784375,6
251,2.5099999999999905,-0.1279765625,-0.12784375,-0.12784375,-16378
252,2.5199999999999902,-0.1279765625,-0.12784375,-0.12784375,-16378
253,2.52999999999999,-0.033,-0.12784375,-0.12784375,-16378
254,2.53999999999999,0.00099609375,-0.12784375,-0.12784375,-11257
255,2.5499999999999896,-0.12798828125,-0.12784375,-0.12784375,-16378
256,2.5599999999999894,-0.0639765625,-0.12784375,-0.12784375,-12282
257,2.569999999999989,-0.0639765625,-0.12784375,-0.12784375,-12282
258,2.579999999999989,0.00099609375,-0.12784375,-0.12784375,-11258
259,2.5899999999999888,-0.06398828125,-0.12784375,-0.12784375,-16378
260,2.5999999999999885,-0.0639765625,-0.12784375,-0.12784375,-32762
261,2.6099999999999883,-0.033,-0.12784375,-0.12784375,-12282
262,2.619999999999988,-0.04798828125,-0.12784375,-0.12784375,-12282
263,2.629999999999988,-0.0639765625,-0.12784375,-0.12784375,-16371
264,2.6399999999999877,-0.1279765625,-0.12784375,-0.12784375,-16378
265,2.6499999999999875,0.0009921875,-0.12784375,-0.12784375,-16378
266,2.6599999999999873,0.00099609375,-0.12784375,-0.12784375,-16378
267,2.669999999999987,-0.0639765625,-0.12784375,-0.12784375,-16378
268,2.679999999999987,-0.12798828125,-0.12784375,-0.12784375,-11258
269,2.6899999999999866,0.00099609375,-0.12784375,0.00015625,-16378
270,2.6999999999999864,-0.06399609375,0.00015625,-0.12784375,-32762
271,2.709999999999986,-0.1279765625,-0.12784375,-0.12784375,-16371
272,2.719999999999986,-0.0639765625,-0.12784375,-0.12784375,-12282
273,2.7299999999999858,-0.06398828125,-0.12784375,-0.12784375,-16371
274,2.7399999999999856,-0.12798828125,-0.12784375,-0.12784375,-12282
275,2.7499999999999853,-0.0639765625,-0.12784375,-0.12784375,-16371
276,2.759999999999985,-0.0639765625,-0.12784375,-0.12784375,-32762
277,2.769999999999985,0.00099609375,-0.12784375,-0.12784375,-16378
278,2.7799999999999847,-0.0639765625,-0.12784375,-0.12784375,-32762
279,2.7899999999999845,-0.0639765625,-0.12784375,-0.12784375,-16378
280,2.7999999999999843,-0.06399609375,-0.12784375,-0.12784375,-16378
281,2.809999999999984,-0.06399609375,-0.12784375,-0.12784375,-16371
282,2.819999999999984,-0.06398828125,-0.12784375,-0.12784375,-12282
283,2.8299999999999836,-0.0639765625,-0.12784375,-0.12784375,-12282
284,2.8399999999999834,-0.033,-0.12784375,-0.12784375,6
285,2.849999999999983,-0.06398828125,-0.12784375,-0.12784375,-16371
286,2.859999999999983,-0.0639765625,-0.12784375,0.00015625,-12282
287,2.869999999999983,-0.06398828125,-0.12784375,-0.12784375,-16371
288,2.8799999999999826,0.0009921875,0.00015625,0.00015625,-32762
289,2.8899999999999824,-0.12798828125,-0.12784375,-0.12784375,-32762
290,2.899999999999982,-0.0639765625,-0.12784375,-0.12784375,-12282
291,2.909999999999982,-0.06398828125,-0.12784375,-0.12784375,-16378
292,2.9199999999999817,0.00099609375,-0.12784375,-0.12784375,-11258
293,2.9299999999999815,-0.0639765625,-0.12784375,-0.12784375,-12282
294,2.9399999999999813,-0.0639765625,-0.12784375,-0.12784375,-12282
295,2.949999999999981,-0.06399609375,-0.12784375,-0.12784375,-16378
296,2.959999999999981,0.00099609375,-0.12784375,-0.12784375,-16378
297,2.9699999999999807,-0.0639765625,-0.12784375,-0.12784375,-32755
298,2.9799999999999804,-0.0639765625,-0.12784375,-0.12784375,-12282
299,2.9899999999999802,0.00099609375,-0.12784375,-0.12784375,-11258
300,2.99999999999998,-0.06398828125,-0.12784375,-0.12784375,-16378
301,3.00999999999998,-0.1279765625,-0.12784375,-0.12784375,-32762
302,3.0199999999999796,-0.0639765625,-0.12784375,-0.12784375,-16378
303,3.0299999999999794,0.0009921875,-0.12784375,-0.12784375,-16378
304,3.039999999999979,-0.06398828125,-0.12784375,-0.12784375,-12282
305,3.049999999999979,-0.0639765625,-0.12784375,-0.12784375,-16378
306,3.0599999999999787,0.0009921875,-0.12784375,-0.12784375,-32762
307,3.0699999999999785,-0.001,-0.12784375,-0.12784375,-32755
308,3.0799999999999783,-0.0639765625,-0.12784375,-0.12784375,-15354
309,3.089999999999978,-0.0639765625,-0.00187890625,-0.12784375,-11257
310,3.099999999999978,-0.033,-0.12784375,-0.12784375,-16378
311,3.1099999999999777,-0.06399609375,-0.12784375,-0.12784375,-16378
312,3.1199999999999775,-0.0639765625,-0.12784375,-0.12784375,-16378
313,3.1299999999999772,-0.06398828125,-0.12784375,-0.12784375,-12282
314,3.139999999999977,-0.06399609375,-0.12784375,-0.12784375,-11258
315,3.149999999999977,-0.06398828125,-0.12784375,-0.12784375,-12282
316,3.1599999999999766,-0.0639765625,-0.12784375,-0.12784375,-12282
317,3.1699999999999764,-0.0639765625,-0.12784375,-0.12784375,-16378
318,3.179999999999976,0.00099609375,-0.12784375,-0.12784375,-12282
319,3.189999999999976,-0.12798828125,-0.12784375,-0.12784375,-16378
320,3.1999999999999758,-0.06398828125,-0.12784375,-0.12784375,-12282
321,3.2099999999999755,-0.001,-0.12784375,-0.12784375,-16378
322,3.2199999999999753,0.00099609375,-0.12784375,-0.12784375,-16371
323,3.229999999999975,-0.06398828125,-0.12784375,-0.12784375,-16378
324,3.239999999999975,-0.1279765625,-0.06387890625,0.00015625,-16378
325,3.2499999999999747,3.90625e-06,-0.12784375,-0.12784375,-16378
326,3.2599999999999745,-0.0639765625,-0.12784375,-0.12784375,-12282
327,3.2699999999999743,-0.0639765625,-0.12784375,-0.12784375,-12282
328,3.279999999999974,-0.06398828125,-0.12784375,-0.12784375,-12282
329,3.289999999999974,0.00099609375,-0.12784375,-0.12784375,-11258
330,3.2999999999999736,-0.1279765625,-0.12784375,-0.12784375,-12282
331,3.3099999999999734,-0.0639765625,-0.12784375,-0.12784375,-16378
332,3.319999999999973,-0.06398828125,-0.12784375,-0.12784375,-11258
333,3.329999999999973,0.00099609375,-0.12784375,-0.12784375,-32755
334,3.3399999999999728,-0.0639765625,-0.12784375,-0.12784375,-12282
335,3.3499999999999726,-0.12798828125,-0.00187890625,-0.12784375,-32762
336,3.3599999999999723,0.00099609375,-0.12784375,-0.12784375,-11258
337,3.369999999999972,0.00099609375,-0.12784375,-0.12784375,-11258
338,3.379999999999972,-0.0639765625,-0.12784375,-0.12784375,-16378
339,3.3899999999999717,-0.0639765625,-0.12784375,-0.12784375,-16378
340,3.3999999999999715,-0.06399609375,-0.12784375,-0.12784375,-12282
341,3.4099999999999713,-0.1279765625,-0.12784375,-0.12784375,-16378
342,3.419999999999971,-0.1279765625,-0.12784375,-0.12784375,-16371
343,3.429999999999971,-0.06398828125,-0.12784375,-0.12784375,-12282
344,3.4399999999999706,0.00099609375,-0.12784375,-0.12784375,-11258
345,3.4499999999999704,-0.1279765625,-0.12784375,-0.12784375,-12282
346,3.45999999999997,-0.1279765625,-0.12784375,-0.12784375,-16371
347,3.46999999999997,-0.06398828125,-0.12784375,-0.12784375,-16378
348,3.47999999999997,-0.06399609375,-0.12784375,-0.12784375,-16378
349,3.4899999999999696,-0.0639765625,-0.12784375,0.00015625,-16371
350,3.4999999999999694,-0.1279765625,-0.12784375,-0.12784375,-16378
351,3.509999999999969,0.0009921875,-0.12784375,-0.12784375,-11258
352,3.519999999999969,0.00099609375,-0.12784375,-0.12784375,-32762
353,3.5299999999999687,-0.1279765625,-0.12784375,-0.12784375,-12282
354,3.5399999999999685,-0.1279765625,-0.12784375,-0.12784375,-16378
355,3.5499999999999683,-0.06399609375,-0.12784375,-0.12784375,-12282
356,3.559999999999968,-0.06398828125,-0.12784375,-0.12784375,-12282
357,3.569999999999968,-0.0639765625,-0.12784375,-0.12784375,-16371
358,3.5799999999999677,-0.0639765625,-0.12784375,-0.12784375,-12282
359,3.5899999999999674,0.00099609375,-0.12784375,-0.12784375,-32762
360,3.5999999999999672,-0.12798828125,-0.12784375,-0.12784375,-32762
361,3.609999999999967,-0.06398828125,-0.12784375,-0.12784375,-12282
362,3.619999999999967,0.00099609375,-0.12784375,-0.12784375,-11258
363,3.6299999999999666,-0.06399609375,-0.12784375,-0.12784375,-16378
364,3.6399999999999664,-0.0639765625,-0.12784375,-0.12784375,-16378
365,3.649999999999966,-0.0639765625,-0.12784375,-0.12784375,-32762
366,3.659999999999966,0.00099609375,-0.12784375,-0.12784375,-11258
367,3.6699999999999657,-0.06399609375,-0.12784375,-0.12784375,-16378
368,3.6799999999999655,-0.1279765625,-0.12784375,-0.12784375,-16378
369,3.6899999999999653,-0.06399609375,-0.12784375,-0.12784375,-16378
370,3.699999999999965,0.00099609375,-0.12784375,-0.12784375,-12282
371,3.709999999999965,-0.0639765625,-0.12784375,-0.12784375,-16378
372,3.7199999999999647,-0.1279765625,-0.12784375,-0.12784375,-12282
373,3.7299999999999645,-0.043000000000000003,-0.12784375,-0.12784375,-16378
374,3.7399999999999642,-0.034,-0.12784375,-0.12784375,-16371
375,3.749999999999964,-0.0639765625,-0.12784375,-0.12784375,-16378
376,3.759999999999964,-0.06398828125,-0.12784375,-0.12784375,-16378
377,3.7699999999999636,0.00099609375,-0.12784375,-0.12784375,-11258
378,3.7799999999999634,-0.06398828125,-0.12784375,-0.12784375,-12282
379,3.789999999999963,-0.0639765625,-0.12784375,-0.12784375,-12282
380,3.799999999999963,-0.0639765625,0.00015625,-0.12784375,-16378
381,3.8099999999999627,-0.06399609375,-0.12784375,-0.12784375,-16371
382,3.8199999999999625,-0.1279765625,-0.12784375,-0.12784375,-16378
383,3.8299999999999623,-0.1279765625,-0.12784375,-0.12784375,-16371
384,3.839999999999962,-0.06399609375,-0.12784375,-0.12784375,-16378
385,3.849999999999962,-0.033,-0.12784375,-0.12784375,-32762
386,3.8599999999999617,-0.0639765625,-0.12784375,-0.12784375,-12282
387,3.8699999999999615,-0.0639765625,-0.12784375,-0.12784375,-16378
388,3.8799999999999613,0.0009921875,-0.12784375,-0.12784375,-16378
389,3.889999999999961,-0.06398828125,-0.12784375,-0.12784375,-32762
390,3.899999999999961,-0.0639765625,-0.12784375,-0.12784375,-16378
391,3.9099999999999606,-0.0639765625,-0.12784375,-0.12784375,-12282
392,3.9199999999999604,-0.06399609375,-0.12784375,-0.12784375,-16378
393,3.92999999999996,-0.06398828125,-0.12784375,-0.12784375,-16371
394,3.93999999999996,4.6875e-05,-0.04387890625,-0.12784375,-16378
395,3.9499999999999598,0.0,0.00015625,-0.12784375,-16371
396,3.9599999999999596,-0.06399609375,-0.12784375,-0.12784375,-16371
397,3.9699999999999593,-0.0639765625,-0.12784375,-0.12784375,-11258
398,3.979999999999959,-0.0639765625,-0.12784375,-0.12784375,-16371
399,3.989999999999959,-0.06399609375,0.00015625,-0.12784375,-12282
400,3.9999999999999587,-0.06399609375,-0.12784375,-0.12784375,-16378
401,4.009999999999959,-0.0639765625,0.00015625,-0.12784375,-16378
402,4.019999999999959,-0.1279765625,-0.12784375,-0.12784375,-12282
403,4.0299999999999585,0.00099609375,-0.12784375,-0.12784375,-16378
404,4.039999999999958,-0.0639765625,-0.12784375,-0.12784375,-32762
405,4.049999999999958,-0.0639765625,-0.12784375,-0.12784375,-16371
406,4.059999999999958,-0.12798828125,0.00015625,-0.12784375,-16378
407,4.069999999999958,0.00099609375,-0.12784375,-0.12784375,-11258
408,4.079999999999957,-0.06398828125,-0.12784375,-0.12784375,-32755
409,4.089999999999957,-0.0639765625,-0.12784375,-0.12784375,-12282
410,4.099999999999957,-0.033,-0.12784375,-0.12784375,-16378
411,4.109999999999957,-0.06398828125,-0.12784375,-0.12784375,-16378
412,4.119999999999957,-0.0639765625,-0.12784375,-0.12784375,6
413,4.129999999999956,-0.0639765625,-0.0019375,-0.12784375,-16378
414,4.139999999999956,-0.06399609375,-0.12784375,-0.12784375,-16378
415,4.149999999999956,-0.06398828125,-0.12784375,-0.12784375,-12282
416,4.159999999999956,-0.0639765625,-0.12784375,-0.12784375,-12282
417,4.1699999999999555,-0.06398828125,-0.12784375,-0.12784375,-16378
418,4.179999999999955,0.00099609375,-0.12784375,-0.12784375,-16371
419,4.189999999999955,-0.0639765625,-0.12784375,-0.12784375,-16371
420,4.199999999999955,-0.0639765625,-0.12784375,-0.12784375,-16378
421,4.209999999999955,-0.0639765625,0.00015625,-0.12784375,-16371
422,4.2199999999999545,-0.06398828125,-0.12784375,-0.12784375,-32762
423,4.229999999999954,-0.1279765625,-0.12784375,-0.12784375,-16378
424,4.239999999999954,-0.0639765625,-0.12784375,-0.12784375,-16371
425,4.249999999999954,-0.043000000000000003,-0.12784375,-0.12784375,-16371
426,4.259999999999954,-0.06399609375,-0.12784375,-0.12784375,-16371
427,4.269999999999953,-0.0639765625,-0.12784375,-0.12784375,-16371
428,4.279999999999953,-0.1279765625,-0.12784375,-0.12784375,-16378
429,4.289999999999953,0.00099609375,-0.12784375,-0.12784375,6
430,4.299999999999953,-0.06398828125,-0.12784375,-0.12784375,-16378
431,4.3099999999999525,-0.0639765625,-0.0019375,-0.12784375,-11258
432,4.319999999999952,-0.0639765625,-0.12784375,-0.12784375,-12282
433,4.329999999999952,-0.06399609375,-0.12784375,-0.12784375,-16371
434,4.339999999999952,-0.06398828125,-0.12784375,-0.12784375,-16371
435,4.349999999999952,-0.1279765625,-0.12784375,-0.12784375,-16378
436,4.3599999999999515,-0.06398828125,-0.12784375,-0.12784375,-16378
437,4.369999999999951,-0.06398828125,-0.12784375,-0.12784375,-12282
438,4.379999999999951,-0.0639765625,-0.12784375,-0.12784375,-16378
439,4.389999999999951,-0.0639765625,-0.12784375,-0.12784375,13
440,4.399999999999951,0.00099609375,-0.12784375,-0.12784375,-16371
441,4.40999999999995,-0.06399609375,-0.12784375,-0.12784375,-16378
442,4.41999999999995,-0.0639765625,-0.12784375,-0.12784375,-16371
443,4.42999999999995,0.00099609375,-0.12784375,-0.12784375,-11258
444,4.43999999999995,0.00099609375,-0.12784375,-0.12784375,-16378
445,4.4499999999999496,-0.06398828125,-0.12784375,-0.12784375,-12282
446,4.459999999999949,-0.0639765625,0.00015625,-0.12784375,-32762
447,4.469999999999949,-0.06398828125,-0.12784375,-0.12784375,-16378
448,4.479999999999949,-0.02199609375,-0.12784375,-0.12784375,-16378
449,4.489999999999949,-0.0639765625,-0.12784375,-0.12784375,-11258
450,4.4999999999999485,-0.0639765625,-0.12784375,-0.12784375,-16371
451,4.509999999999948,0.00099609375,-0.12784375,-0.12784375,-16378
452,4.519999999999948,-0.06399609375,-0.12784375,-0.12784375,-16378
453,4.529999999999948,-0.1279765625,-0.12784375,-0.12784375,-16378
454,4.539999999999948,-0.0639765625,-0.12784375,-0.12784375,-12282
455,4.549999999999947,0.00099609375,-0.12784375,-0.12784375,-16378
456,4.559999999999947,-0.06399609375,-0.12784375,-0.12784375,-16371
457,4.569999999999947,-0.0639765625,-0.12784375,-0.12784375,-12282
458,4.579999999999947,-0.06398828125,-0.12784375,-0.12784375,-16378
459,4.589999999999947,-0.033,-0.12784375,-0.12784375,-16378
460,4.599999999999946,-0.06398828125,-0.12784375,-0.12784375,-12282
461,4.609999999999946,-0.0639765625,-0.12784375,-0.12784375,-16378
462,4.619999999999946,-0.1279765625,-0.12784375,-0.12784375,-16378
463,4.629999999999946,-0.06399609375,-0.12784375,-0.12784375,-16378
464,4.6399999999999455,-0.0639765625,-0.12784375,0.00015625,-16371
465,4.649999999999945,-0.1279765625,-0.12784375,-0.12784375,-16371
466,4.659999999999945,-0.06398828125,-0.12784375,-0.12784375,-16378
467,4.669999999999945,-0.06398828125,-0.12784375,-0.12784375,-12282
468,4.679999999999945,-0.06394921875,-0.12784375,-0.12784375,-16372
469,4.689999999999944,-0.0639765625,-0.12784375,-0.12784375,-16378
470,4.699999999999944,-0.06399609375,-0.12784375,-0.12784375,-16371
471,4.709999999999944,-0.0639765625,-0.12784375,-0.12784375,-32762
472,4.719999999999944,-0.0639765625,-0.12784375,-0.12784375,-12282
473,4.729999999999944,-0.06398828125,-0.12784375,-0.12784375,-16378
474,4.739999999999943,0.00099609375,-0.12784375,-0.12784375,-11258
475,4.749999999999943,-0.0639765625,-0.12784375,-0.12784375,-16378
476,4.759999999999943,-0.0639765625,-0.12784375,-0.12784375,-16371
477,4.769999999999943,-0.06398828125,-0.12784375,-0.12784375,-16378
478,4.7799999999999425,-0.0639765625,-0.12784375,-0.12784375,-16378
479,4.789999999999942,-0.12794921875,-0.12784375,-0.12784375,-16371
480,4.799999999999942,-0.1279765625,-0.12784375,-0.12784375,-16378
481,4.809999999999942,0.00099609375,-0.12784375,-0.12784375,-32762
482,4.819999999999942,-0.0639765625,-0.12784375,-0.12784375,-16371
483,4.8299999999999415,-0.0639765625,-0.12784375,-0.12784375,-16371
484,4.839999999999941,-0.06399609375,-0.12784375,-0.12784375,-12282
485,4.849999999999941,-0.06399609375,-0.12784375,-0.12784375,-16371
486,4.859999999999941,-0.0639765625,-0.12784375,-0.12784375,-11258
487,4.869999999999941,-0.06398828125,-0.12784375,-0.12784375,-16378
488,4.87999999999994,-0.001,-0.12784375,-0.12784375,-16371
489,4.88999999999994,-0.1279765625,0.00015625,-0.00087890625,16191
490,4.89999999999994,0.06324609375,-0.00050390625,0.06324609375,16191
491,4.90999999999994,0.06324609375,0.06324609375,0.06324609375,-1
492,4.9199999999999395,-3.90625e-06,0.06324609375,0.06324609375,16191
493,4.929999999999939,0.06324609375,0.06324609375,0.06324609375,16383
494,4.939999999999939,0.06324609375,0.06399609375,-3.90625e-06,-1
495,4.949999999999939,0.06324609375,0.06324609375,0.06324609375,16191
496,4.959999999999939,0.06324609375,-0.00050390625,-3.90625e-06,16191
497,4.9699999999999385,0.06324609375,0.06324609375,-3.90625e-06,-1
498,4.979999999999938,-3.90625e-06,0.06324609375,0.06324609375,16191
499,4.989999999999938,-3.90625e-06,0.06324609375,0.06349609375,16191
500,4.999999999999938,0.06324609375,0.06324609375,0.06324609375,-1
501,5.009999999999938,0.06324609375,-3.90625e-06,-3.90625e-06,-1
502,5.019999999999937,-3.90625e-06,-3.90625e-06,-3.90625e-06,16191
503,5.029999999999937,0.06399609375,0.06324609375,-3.90625e-06,16191
504,5.039999999999937,0.06324609375,0.06324609375,0.06324609375,16191
505,5.049999999999937,-3.90625e-06,0.06324609375,0.06324609375,16191
506,5.0599999999999365,-3.90625e-06,-3.90625e-06,0.06324609375,-193
507,5.069999999999936,0.06324609375,0.06324609375,0.06324609375,16191
508,5.079999999999936,-3.90625e-06,-3.90625e-06,0.12724609375,-1
509,5.089999999999936,0.06324609375,0.06324609375,0.06324609375,16191
510,5.099999999999936,0.06324609375,0.06324609375,0.06324609375,-1
511,5.1099999999999355,0.06324609375,0.06324609375,0.06399609375,-1
512,5.119999999999935,-0.00075390625,-3.90625e-06,0.06324609375,16383
513,5.129999999999935,-3.90625e-06,-3.90625e-06,0.06324609375,16191
514,5.139999999999935,-3.90625e-06,0.06324609375,0.06324609375,16191
515,5.149999999999935,0.06324609375,0.06324609375,-0.00075390625,16191
516,5.159999999999934,0.06324609375,0.06324609375,0.06324609375,16191
517,5.169999999999934,-3.90625e-06,-0.00075390625,0.06324609375,16191
518,5.179999999999934,0.06324609375,0.06399609375,0.06324609375,16191
519,5.189999999999934,0.06399609375,-0.00075390625,0.06324609375,16191
520,5.199999999999934,-3.90625e-06,-3.90625e-06,0.06324609375,16383
521,5.209999999999933,-3.90625e-06,0.06324609375,0.06324609375,16191
522,5.219999999999933,0.06324609375,-0.00075390625,0.06324609375,-1
523,5.229999999999933,0.06324609375,0.06324609375,0.06324609375,16191
524,5.239999999999933,0.06324609375,-3.90625e-06,0.06324609375,16191
525,5.2499999999999325,0.06324609375,0.06324609375,0.06324609375,16191
526,5.259999999999932,0.06324609375,-3.90625e-06,-0.00075390625,-129
527,5.269999999999932,0.06324609375,0.06324609375,0.06324609375,-1
528,5.279999999999932,0.06399609375,-3.90625e-06,0.06324609375,16191
529,5.289999999999932,0.06324609375,0.06324609375,0.06324609375,16191
530,5.299999999999931,-3.90625e-06,0.06324609375,0.06399609375,-1
531,5.309999999999931,0.06324609375,-3.90625e-06,-3.90625e-06,-129
532,5.319999999999931,0.06399609375,-3.90625e-06,0.06324609375,16191
533,5.329999999999931,-3.90625e-06,0.06324609375,0.06324609375,16191
534,5.339999999999931,0.06324609375,-3.90625e-06,0.06324609375,16191
535,5.34999999999993,0.06399609375,-3.90625e-06,0.06324609375,-1
536,5.35999999999993,0.06324609375,0.06324609375,0.06324609375,-1
537,5.36999999999993,0.06324609375,0.12724609375,0.06324609375,16191
538,5.37999999999993,0.06399609375,0.06324609375,0.06324609375,16191
539,5.3899999999999295,-3.90625e-06,-0.00075390625,-3.90625e-06,16191
540,5.399999999999929,-3.90625e-06,0.06324609375,0.06324609375,16191
541,5.409999999999929,0.06324609375,0.06399609375,0.06399609375,16191
542,5.419999999999929,-3.90625e-06,0.06324609375,0.06324609375,16191
543,5.429999999999929,0.06324609375,0.06324609375,0.12724609375,-1
544,5.4399999999999284,0.06324609375,0.06324609375,0.06324609375,16191
545,5.449999999999928,0.06324609375,0.06399609375,0.06324609375,-193
546,5.459999999999928,-0.06394921875,-0.12784375,-0.12784375,-16378
547,5.469999999999928,-0.06398828125,-0.12784375,-0.12784375,-12282
548,5.479999999999928,-0.06398828125,-0.12784375,-0.12784375,-16371
549,5.489999999999927,-0.0639765625,-0.12784375,-0.12784375,-16371
550,5.499999999999927,-0.06398828125,-0.12784375,-0.12784375,-32762
551,5.509999999999927,-0.0639765625,-0.12784375,-0.12784375,-16378
552,5.519999999999927,-0.06394921875,-0.12784375,-0.12784375,-16378
553,5.5299999999999265,-0.0639765625,-0.12784375,-0.12784375,-12282
554,5.539999999999926,-0.0639765625,-0.12784375,-0.12784375,-32755
555,5.549999999999926,-0.0639765625,-0.12784375,-0.12784375,-11258
556,5.559999999999926,-0.12799609375,-0.12784375,-0.12784375,-16378
557,5.569999999999926,-0.0639765625,-0.12784375,-0.12784375,-16371
558,5.5799999999999255,-0.0639765625,-0.12784375,-0.12784375,-16371
559,5.589999999999925,-0.0639765625,-0.12784375,-0.12784375,-16371
560,5.599999999999925,-0.06398828125,-0.12784375,-0.12784375,-12282
561,5.609999999999925,-0.0639765625,-0.12784375,-0.12784375,-16378
562,5.619999999999925,-0.0639765625,-0.12784375,-0.12784375,-16371
563,5.629999999999924,-0.06398828125,-0.12784375,-0.12784375,-16378
564,5.639999999999924,-0.06398828125,-0.12784375,-0.12784375,-16371
565,5.649999999999924,-0.0639765625,-0.12784375,-0.12784375,-12282
566,5.659999999999924,-0.0639765625,-0.12784375,-0.12784375,-16372
567,5.6699999999999235,-0.06398828125,-0.12784375,-0.12784375,-12282
568,5.679999999999923,-0.12798828125,-0.12784375,-0.12784375,-16371
569,5.689999999999923,-0.0639765625,-0.12784375,-0.12784375,-16371
570,5.699999999999923,-0.06398828125,-0.12784375,-0.12784375,-16378
571,5.709999999999923,-0.0639765625,-0.12784375,-0.12784375,-16378
572,5.7199999999999225,-0.12794921875,0.00015625,0.00015625,-16378
573,5.729999999999922,1.171875e-05,-0.12784375,-0.12784375,-16378
574,5.739999999999922,-0.06398828125,-0.12784375,-0.12784375,-16371
575,5.749999999999922,-0.0639765625,-0.12784375,-0.12784375,-16371
576,5.759999999999922,-0.06398828125,-0.12784375,-0.12784375,-16378
577,5.769999999999921,0.00099609375,-0.12784375,-0.12784375,-16378
578,5.779999999999921,-0.0639765625,-0.12784375,-0.12784375,-12282
579,5.789999999999921,-0.06394921875,-0.12784375,-0.12784375,-16378
580,5.799999999999921,-0.06399609375,-0.12784375,-0.12784375,-16378
581,5.809999999999921,-0.0639765625,-0.12784375,-0.12784375,-16371
582,5.81999999999992,-0.06394921875,-0.12784375,-0.12784375,-16378
583,5.82999999999992,-0.0639765625,-0.12784375,-0.12784375,-16371
584,5.83999999999992,-0.06398828125,-0.12784375,-0.12784375,-12282
585,5.84999999999992,-0.06398828125,-0.12784375,-0.12784375,-16371
586,5.8599999999999195,-0.0639765625,-0.12784375,-0.12784375,-16378
587,5.869999999999919,-0.04798828125,-0.12784375,-0.12784375,-16371
588,5.879999999999919,-0.0639765625,-0.12784375,-0.12784375,-16371
589,5.889999999999919,-0.0639765625,-0.12784375,0.00015625,-16371
590,5.899999999999919,-0.0639765625,-0.12784375,-0.12784375,-11258
591,5.909999999999918,-0.06398828125,-0.12784375,-0.12784375,-16371
592,5.919999999999918,-0.0639765625,-0.12784375,-0.12784375,-16378
593,5.929999999999918,-0.0639765625,-0.12784375,-0.12784375,-16371
594,5.939999999999918,-0.06398828125,-0.12784375,-0.12784375,-12282
595,5.949999999999918,-0.0639765625,-0.12784375,-0.12784375,-12282
596,5.959999999999917,-0.06394921875,-0.00187890625,-0.12784375,-16378
597,5.969999999999917,-0.06398828125,-0.12784375,-0.12784375,13
598,5.979999999999917,0.00099609375,-0.12784375,-0.12784375,-16378
599,5.989999999999917,-0.1279765625,-0.12784375,-0.12784375,-16371
600,5.9999999999999165,0.0010625,-0.08287890625,-0.12784375,-11258
601,6.009999999999916,-0.06399609375,-0.12784375,-0.12784375,-12282
602,6.019999999999916,-0.0639765625,-0.12784375,-0.12784375,-16378
603,6.029999999999916,-0.06394921875,-0.12784375,-0.12784375,-16371
604,6.039999999999916,-0.06398828125,-0.12784375,-0.12784375,-32762
605,6.0499999999999154,-0.0639765625,-0.12784375,-0.12784375,-12282
606,6.059999999999915,-0.0639765625,-0.12784375,-0.12784375,-11258
607,6.069999999999915,-0.06399609375,-0.12784375,-0.12784375,-16371
608,6.079999999999915,-0.0639765625,-0.12784375,-0.12784375,-16371
609,6.089999999999915,-0.06394921875,-0.12784375,-0.12784375,-16378
610,6.099999999999914,-0.1279765625,-0.12784375,-0.12784375,-12282
611,6.109999999999914,0.00099609375,-0.12784375,-0.12784375,-16371
612,6.119999999999914,-0.06398828125,-0.12784375,-0.12784375,-16371
613,6.129999999999914,-0.0639765625,-0.12784375,-0.12784375,-12282
614,6.1399999999999135,-0.06398828125,-0.12784375,-0.12784375,-16378
615,6.149999999999913,-0.06399609375,-0.12784375,-0.12784375,-16371
616,6.159999999999913,-0.0639765625,-0.12784375,-0.12784375,-12282
617,6.169999999999913,-0.06398828125,-0.12784375,-0.12784375,-16378
618,6.179999999999913,-0.04799609375,-0.12784375,-0.12784375,-16378
619,6.1899999999999125,-0.0639765625,-0.12784375,-0.12784375,-16371
620,6.199999999999912,-0.0639765625,-0.12784375,-0.12784375,-32762
621,6.209999999999912,-0.06399609375,-0.12784375,-0.12784375,-12282
622,6.219999999999912,-0.0639765625,-0.12784375,-0.12784375,-16371
623,6.229999999999912,-0.06394921875,-0.12784375,-0.12784375,-16378
624,6.239999999999911,-0.0639765625,-0.12784375,-0.12784375,-16371
625,6.249999999999911,-0.06398828125,-0.12784375,-0.12784375,-16371
626,6.259999999999911,-0.0639765625,-0.12784375,-0.12784375,-11258
627,6.269999999999911,-0.0639765625,-0.12784375,-0.12784375,-12282
628,6.2799999999999105,-0.06399609375,-0.12784375,-0.12784375,-16371
629,6.28999999999991,-0.06399609375,0.00015625,-0.12784375,-16378
630,6.29999999999991,-0.0639765625,-0.12784375,-0.12784375,-16378
631,6.30999999999991,-0.06398828125,-0.12784375,-0.12784375,-12282
632,6.31999999999991,-0.034,-0.12784375,-0.12784375,-16378
633,6.3299999999999095,-0.06394921875,-0.12784375,-0.12784375,-16371
634,6.339999999999909,-0.0639765625,-0.12784375,-0.12784375,-16371
635,6.349999999999909,0.00099609375,-0.12784375,-0.12784375,-11258
636,6.359999999999909,-0.0639765625,-0.12784375,-0.12784375,-16378
637,6.369999999999909,-0.0639765625,-0.12784375,-0.12784375,-16378
638,6.379999999999908,-0.06398828125,-0.12784375,-0.12784375,-16371
639,6.389999999999908,-0.06398828125,-0.12784375,-0.12784375,-16371
640,6.399999999999908,-0.06394921875,-0.12784375,-0.12784375,-16378
641,6.409999999999908,-0.06399609375,-0.12784375,-0.12784375,-16378
642,6.419999999999908,-0.06398828125,-0.12784375,-0.12784375,-12282
643,6.429999999999907,-0.0639765625,-0.12784375,-0.12784375,-16371
644,6.439999999999907,-0.0639765625,-0.0019375,-0.12784375,-16378
645,6.449999999999907,-0.0639765625,-0.12784375,-0.12784375,-16378
646,6.459999999999907,-0.0639765625,-0.12784375,-0.12784375,-16378
647,6.4699999999999065,-0.06394921875,-0.12784375,-0.12784375,-16378
648,6.479999999999906,-0.0639765625,-0.12784375,-0.12784375,-16378
649,6.489999999999906,-0.0639765625,-0.12784375,-0.12784375,-16378
650,6.499999999999906,-0.0639765625,-0.12784375,-0.12784375,-16371
651,6.509999999999906,-0.06398828125,-0.12784375,-0.12784375,-16378
652,6.519999999999905,-0.06398828125,-0.12784375,-0.12784375,13
653,6.529999999999905,-0.0639765625,-0.12784375,-0.12784375,-16378
654,6.539999999999905,-0.0639765625,-0.12784375,-0.12784375,-16378
655,6.549999999999905,-0.05599609375,-0.12784375,-0.12784375,-12282
656,6.559999999999905,-0.0639765625,-0.12784375,-0.12784375,-16378
657,6.569999999999904,-0.0639765625,-0.12784375,-0.12784375,-16378
658,6.579999999999904,-0.06398828125,-0.12784375,-0.12784375,-12282
659,6.589999999999904,-0.0639765625,0.00015625,-0.12784375,-16378
660,6.599999999999904,-0.0639765625,-0.12784375,-0.12784375,-16378
661,6.6099999999999035,-0.0639765625,-0.12784375,-0.12784375,-12282
662,6.619999999999903,-0.033,-0.12784375,-0.12784375,-16378
663,6.629999999999903,-0.06394921875,-0.12784375,-0.12784375,-16371
664,6.639999999999903,-0.0639765625,-0.12784375,-0.12784375,-12282
665,6.649999999999903,-0.033,-0.12784375,-0.12784375,-16378
666,6.659999999999902,-0.0639765625,-0.12784375,-0.12784375,-32755
667,6.669999999999902,-0.0639765625,-0.12784375,-0.12784375,-16371
668,6.679999999999902,-0.06398828125,-0.12784375,-0.12784375,-12282
669,6.689999999999902,-0.06399609375,-0.12784375,-0.12784375,-16371
670,6.699999999999902,-0.0639765625,-0.12784375,-0.12784375,-16371
671,6.709999999999901,-0.06398828125,-0.12784375,-0.12784375,-16378
672,6.719999999999901,-0.06399609375,-0.12784375,-0.12784375,-32762
673,6.729999999999901,-0.06394921875,-0.12784375,-0.12784375,-16371
674,6.739999999999901,-0.0639765625,-0.12784375,-0.12784375,-16378
675,6.7499999999999005,-0.06399609375,-0.12784375,-0.12784375,-11258
676,6.7599999999999,-0.0639765625,-0.12784375,-0.12784375,-16378
677,6.7699999999999,-0.0639765625,-0.12784375,-0.12784375,-32762
678,6.7799999999999,-0.06399609375,-0.12784375,-0.12784375,-16371
679,6.7899999999999,-0.06398828125,-0.12784375,-0.12784375,-12282
680,6.7999999999998995,-0.0639765625,-0.12784375,-0.12784375,-16371
681,6.809999999999899,-0.06398828125,-0.12784375,0.00015625,6
682,6.819999999999899,1.171875e-05,-0.12784375,-0.12784375,-12282
683,6.829999999999899,-0.0639765625,-0.12784375,-0.12784375,-16371
684,6.839999999999899,-0.0639765625,-0.12784375,-0.12784375,-16378
685,6.849999999999898,-0.06398828125,-0.12784375,-0.12784375,-16371
686,6.859999999999898,-0.0639765625,-0.12784375,-0.12784375,-12282
687,6.869999999999898,-0.0639765625,-0.12784375,-0.12784375,-12282
688,6.879999999999898,-0.06399609375,-0.12784375,-0.12784375,-32762
689,6.8899999999998975,-0.12798828125,-0.12784375,-0.12784375,-16371
690,6.899999999999897,-0.06394921875,-0.12784375,-0.12784375,-16371
691,6.909999999999897,-0.06398828125,-0.12784375,-0.12784375,-12282
692,6.919999999999897,-0.0639765625,-0.12784375,-0.12784375,-16378
693,6.929999999999897,-0.06394921875,-0.12784375,-0.12784375,-16371
694,6.9399999999998965,-0.0639765625,-0.12784375,-0.12784375,-16378
695,6.949999999999896,-0.06398828125,-0.12784375,-0.12784375,-16371
696,6.959999999999896,2.34375e-05,-0.12784375,-0.12784375,-16371
697,6.969999999999896,-0.0639765625,-0.12784375,-0.12784375,-12282
698,6.979999999999896,-0.06398828125,-0.12784375,-0.12784375,-32755
699,6.989999999999895,-0.06399609375,-0.12784375,-0.12784375,-12282
700,6.999999999999895,-0.0639765625,-0.12784375,-0.12784375,-16371
701,7.009999999999895,-0.0639765625,-0.12784375,-0.12784375,-16378
702,7.019999999999895,0.00099609375,-0.12784375,-0.12784375,-32755
703,7.0299999999998946,-0.06398828125,-0.12784375,-0.12784375,-32755
704,7.039999999999894,-0.06394921875,-0.12784375,-0.12784375,-11258
705,7.049999999999894,-0.0639765625,-0.12784375,-0.12784375,-16371
706,7.059999999999894,-0.06398828125,-0.12784375,-0.12784375,-16378
707,7.069999999999894,-0.0639765625,-0.12784375,-0.12784375,-16371
708,7.0799999999998935,-0.0639765625,-0.12784375,-0.12784375,-16378
709,7.089999999999893,-0.06398828125,-0.12784375,-0.12784375,-16378
710,7.099999999999893,-0.06398828125,-0.12784375,-0.12784375,-12282
711,7.109999999999893,-0.0639765625,-0.12784375,-0.12784375,-16371
712,7.119999999999893,-0.1279765625,-0.12784375,-0.12784375,-12282
713,7.129999999999892,-0.06399609375,-0.12784375,-0.12784375,-32755
714,7.139999999999892,-0.0639765625,-0.12784375,-0.12784375,-16378
715,7.149999999999892,-0.0639765625,-0.12784375,-0.12784375,-16371
716,7.159999999999892,-0.06399609375,0.00015625,-0.12784375,-16378
717,7.169999999999892,-0.0639765625,-0.12784375,-0.12784375,-12282
718,7.179999999999891,-0.06394921875,-0.12784375,-0.12784375,-12282
719,7.189999999999891,-0.1279765625,-0.12784375,-0.12784375,-11258
720,7.199999999999891,-0.06398828125,-0.12784375,-0.12784375,-16371
721,7.209999999999891,-0.06394921875,-0.12784375,-0.12784375,-16378
722,7.2199999999998905,-0.06394921875,-0.12784375,-0.12784375,-16371
723,7.22999999999989,-0.0639765625,-0.12784375,-0.12784375,-11258
724,7.23999999999989,-0.0639765625,-0.12784375,-0.12784375,-16371
725,7.24999999999989,-0.0639765625,-0.12784375,-0.12784375,-16378
726,7.25999999999989,-0.06398828125,-0.12784375,-0.12784375,-12282
727,7.269999999999889,-0.0639765625,-0.12784375,-0.12784375,-16371
728,7.279999999999889,-0.127953125,-0.12784375,-0.12784375,-16371
729,7.289999999999889,-0.0639765625,-0.12784375,-0.12784375,-16371
730,7.299999999999889,-0.0639765625,-0.12784375,-0.12784375,-16371
731,7.309999999999889,-0.0639765625,-0.12784375,-0.12784375,-16371
732,7.319999999999888,-0.0639765625,-0.12784375,-0.12784375,-16371
733,7.329999999999888,-0.06398828125,-0.12784375,-0.12784375,-12282
734,7.339999999999888,-0.06394921875,-0.12784375,-0.12784375,-16371
735,7.349999999999888,-0.06398828125,-0.12784375,-0.12784375,-12282
736,7.3599999999998875,-0.06398828125,-0.12784375,-0.12784375,-16371
737,7.369999999999887,-0.0639765625,-0.12784375,-0.12784375,-16378
738,7.379999999999887,-0.06398828125,-0.12784375,-0.12784375,-16371
739,7.389999999999887,-0.033,-0.12784375,-0.12784375,-16378
740,7.399999999999887,-0.0639765625,-0.12784375,-0.12784375,-16371
741,7.4099999999998865,-0.06394921875,-0.12784375,-0.12784375,-12282
742,7.419999999999886,-0.1279765625,-0.12784375,-0.12784375,-12282
743,7.429999999999886,-0.06398828125,-0.12784375,-0.12784375,6
744,7.439999999999886,-0.0639765625,-0.12784375,-0.12784375,-32755
745,7.449999999999886,-0.0639765625,-0.12784375,-0.12784375,-16371
746,7.459999999999885,-0.06399609375,-0.12784375,-0.12784375,-12282
747,7.469999999999885,-0.12798828125,-0.12784375,-0.12784375,-12282
748,7.479999999999885,-0.0639765625,-0.12784375,-0.12784375,-16371
749,7.489999999999885,-0.06398828125,-0.12784375,-0.12784375,-16378
750,7.4999999999998845,-0.06398828125,-0.12784375,-0.12784375,-16371
751,7.509999999999884,-0.0639765625,-0.12784375,-0.12784375,-16371
752,7.519999999999884,-0.0639765625,-0.12784375,-0.12784375,-16371
753,7.529999999999884,-0.06398828125,-0.12784375,-0.12784375,-16378
754,7.539999999999884,-0.0639765625,-0.12784375,-0.12784375,-12282
755,7.5499999999998835,-0.06394921875,-0.12784375,-0.12784375,-32755
756,7.559999999999883,-0.0639765625,-0.12784375,-0.12784375,-16378
757,7.569999999999883,-0.0639765625,-0.12784375,-0.12784375,-16378
758,7.579999999999883,5.0781250000000004e-05,-0.12784375,-0.12784375,-16378
759,7.589999999999883,-0.0639765625,-0.12784375,-0.12784375,-16378
760,7.599999999999882,-0.06398828125,-0.12784375,-0.12784375,-16371
761,7.609999999999882,-0.0639765625,-0.12784375,-0.12784375,-16371
762,7.619999999999882,-0.0639765625,-0.12784375,-0.12784375,-11258
763,7.629999999999882,-0.0639765625,-0.12784375,-0.12784375,-16372
764,7.6399999999998816,-0.0639765625,-0.12784375,-0.12784375,-12282
765,7.649999999999881,-0.06394921875,-0.12784375,-0.12784375,-12282
766,7.659999999999881,-0.06398828125,-0.12784375,-0.12784375,-16371
767,7.669999999999881,-0.0639765625,0.00015625,-0.12784375,-12282
768,7.679999999999881,-0.0639765625,-0.12784375,-0.12784375,-16372
769,7.6899999999998805,-0.0639765625,-0.12784375,-0.12784375,-16378
770,7.69999999999988,-0.06399609375,-0.12784375,-0.12784375,-16371
771,7.70999999999988,-0.0639765625,-0.12784375,-0.12784375,-16378
772,7.71999999999988,-0.0639765625,-0.12784375,-0.12784375,-16378
773,7.72999999999988,-0.06398828125,-0.12784375,-0.12784375,-32755
774,7.739999999999879,-0.06398828125,-0.12784375,-0.12784375,-16371
775,7.749999999999879,-0.06394921875,-0.12784375,-0.12784375,-12282
776,7.759999999999879,-0.00075390625,0.06324609375,0.06399609375,16191
777,7.769999999999879,0.06324609375,0.06324609375,0.06399609375,16191
778,7.779999999999879,0.06324609375,0.06324609375,0.06324609375,16191
779,7.789999999999878,-3.90625e-06,0.06324609375,-3.90625e-06,16191
780,7.799999999999878,-3.90625e-06,-3.90625e-06,-3.90625e-06,-1
781,7.809999999999878,0.06324609375,0.06324609375,0.06324609375,16191
782,7.819999999999878,0.06324609375,-3.90625e-06,0.06324609375,16191
783,7.8299999999998775,0.06324609375,-3.90625e-06,0.06324609375,-1
784,7.839999999999877,0.06324609375,0.06324609375,0.06324609375,16191
785,7.849999999999877,0.06324609375,0.06324609375,0.06324609375,16191
786,7.859999999999877,0.06324609375,-3.90625e-06,-3.90625e-06,16191
787,7.869999999999877,0.06324609375,0.06324609375,0.06324609375,16191
788,7.879999999999876,-3.90625e-06,0.06324609375,0.06324609375,16191
789,7.889999999999876,0.06324609375,0.06324609375,-0.00075390625,16383
790,7.899999999999876,0.06324609375,0.06324609375,0.06324609375,16191
791,7.909999999999876,0.06324609375,0.06324609375,0.06324609375,-1
792,7.919999999999876,0.06324609375,0.12724609375,0.06324609375,-1
793,7.929999999999875,0.06324609375,0.06324609375,0.06324609375,16191
794,7.939999999999875,0.06324609375,0.06324609375,0.06324609375,16191
795,7.949999999999875,-3.90625e-06,0.06399609375,0.06324609375,-1
796,7.959999999999875,0.06324609375,0.06324609375,0.06324609375,16191
797,7.9699999999998745,0.06324609375,0.06399609375,-3.90625e-06,16383
798,7.979999999999874,0.06324609375,0.06324609375,0.06324609375,-1
799,7.989999999999874,-0.00050390625,0.06324609375,0.06324609375,16191
800,7.999999999999874,0.06399609375,-3.90625e-06,0.06399609375,16191
801,8.009999999999874,0.06399609375,-3.90625e-06,0.06324609375,-1
802,8.019999999999873,0.12799609375,0.06324609375,0.06324609375,16191
803,8.029999999999873,0.06324609375,0.06324609375,0.06324609375,16191
804,8.039999999999873,0.06399609375,0.06324609375,-3.90625e-06,-1
805,8.049999999999873,0.06324609375,-3.90625e-06,-3.90625e-06,-1
806,8.059999999999873,-0.00075390625,-0.00050390625,0.06324609375,-1
807,8.069999999999872,0.06324609375,0.06399609375,0.06324609375,16191
808,8.079999999999872,0.06324609375,-3.90625e-06,-3.90625e-06,16191
809,8.089999999999872,0.06324609375,0.06324609375,0.06324609375,16191
810,8.099999999999872,0.06324609375,0.06324609375,-3.90625e-06,16191
811,8.109999999999872,-3.90625e-06,0.06324609375,0.06324609375,16191
812,8.119999999999871,-3.90625e-06,-3.90625e-06,-3.90625e-06,-1
813,8.129999999999871,0.06324609375,-3.90625e-06,-3.90625e-06,-1
814,8.139999999999871,0.06324609375,0.06399609375,0.06324609375,16191
815,8.14999999999987,0.06324609375,0.06324609375,0.06324609375,16191
816,8.15999999999987,0.06324609375,0.06324609375,0.06324609375,16191
817,8.16999999999987,-3.90625e-06,-3.90625e-06,0.06324609375,16191
818,8.17999999999987,0.06324609375,-3.90625e-06,0.06324609375,16191
819,8.18999999999987,0.06324609375,0.06399609375,0.06324609375,-1
820,8.19999999999987,0.06399609375,-3.90625e-06,-3.90625e-06,16191
821,8.20999999999987,0.06324609375,0.06324609375,0.06324609375,16191
822,8.21999999999987,-3.90625e-06,-3.90625e-06,-3.90625e-06,-1
823,8.229999999999869,-0.00050390625,-3.90625e-06,0.06324609375,-129
824,8.239999999999869,-3.90625e-06,0.12749609375,0.06324609375,16191
825,8.249999999999869,-3.90625e-06,0.06324609375,0.06324609375,16191
826,8.259999999999868,-3.90625e-06,0.06324609375,0.06324609375,-1
827,8.269999999999868,0.06324609375,0.06324609375,0.06324609375,-193
828,8.279999999999868,0.06324609375,0.06399609375,0.06399609375,16191
829,8.289999999999868,0.06324609375,0.06324609375,0.06324609375,-1
830,8.299999999999867,0.06324609375,0.06324609375,0.06324609375,16191
831,8.309999999999867,-3.90625e-06,0.06324609375,0.06324609375,16191
832,8.319999999999867,0.06324609375,0.06324609375,0.06324609375,-1
833,8.329999999999867,0.06324609375,-3.90625e-06,0.06324609375,16191
834,8.339999999999867,0.06324609375,0.06399609375,0.06324609375,16191
835,8.349999999999866,0.06324609375,0.06324609375,-3.90625e-06,32575
836,8.359999999999866,0.06399609375,0.06324609375,-0.00050390625,-193
837,8.369999999999866,-3.90625e-06,-3.90625e-06,0.06324609375,16191
838,8.379999999999866,0.06324609375,0.06324609375,0.06324609375,16191
839,8.389999999999866,0.06349609375,0.06324609375,0.06324609375,-1
840,8.399999999999865,0.06399609375,0.06324609375,-3.90625e-06,-1
841,8.409999999999865,0.06324609375,0.06324609375,0.06399609375,16191
842,8.419999999999865,0.06324609375,0.06324609375,0.06324609375,16191
843,8.429999999999865,-3.90625e-06,0.12799609375,-3.90625e-06,-1
844,8.439999999999864,-3.90625e-06,0.12724609375,0.12749609375,32639
845,8.449999999999864,-3.90625e-06,0.06324609375,-3.90625e-06,-1
846,8.459999999999864,0.06324609375,0.06324609375,0.06324609375,16191
847,8.469999999999864,0.06324609375,0.06324609375,0.06324609375,16191
848,8.479999999999864,0.06399609375,0.06399609375,0.06324609375,16191
849,8.489999999999863,0.06324609375,-3.90625e-06,0.06324609375,16255
850,8.499999999999863,0.06324609375,0.06324609375,0.06324609375,16191
851,8.509999999999863,-3.90625e-06,0.06324609375,0.06324609375,16191
852,8.519999999999863,0.06324609375,-3.90625e-06,0.06324609375,-1
853,8.529999999999863,0.06324609375,-3.90625e-06,0.12724609375,32575
854,8.539999999999862,0.06399609375,0.06324609375,0.06324609375,16191
855,8.549999999999862,0.06324609375,-3.90625e-06,-0.00075390625,16191
856,8.559999999999862,-0.00050390625,0.06399609375,0.06324609375,16191
857,8.569999999999862,0.06324609375,-0.00075390625,0.06399609375,16383
858,8.579999999999862,0.06324609375,0.06324609375,0.06324609375,16191
859,8.589999999999861,0.06324609375,0.06399609375,-3.90625e-06,-1
860,8.599999999999861,0.06324609375,-3.90625e-06,0.06324609375,16191
861,8.60999999999986,0.06324609375,0.06399609375,0.12749609375,16191
862,8.61999999999986,0.06324609375,0.06324609375,0.06324609375,-1
863,8.62999999999986,-3.90625e-06,-3.90625e-06,0.06324609375,16191
864,8.63999999999986,0.06324609375,0.06324609375,0.06324609375,16191
865,8.64999999999986,0.06324609375,0.06324609375,-3.90625e-06,-1
866,8.65999999999986,0.06324609375,0.06324609375,0.06324609375,16191
867,8.66999999999986,0.06324609375,0.06399609375,0.06324609375,-1
868,8.67999999999986,0.06324609375,0.06324609375,0.06324609375,16191
869,8.68999999999986,0.06324609375,0.06324609375,0.06324609375,16191
870,8.699999999999859,0.06324609375,0.06399609375,0.06324609375,16191
871,8.709999999999859,0.06324609375,0.06324609375,0.06324609375,-1
872,8.719999999999859,-3.90625e-06,0.06324609375,-0.00075390625,-1
873,8.729999999999858,0.06324609375,0.06324609375,0.06324609375,-1
874,8.739999999999858,0.06324609375,0.06324609375,-3.90625e-06,-1
875,8.749999999999858,-3.90625e-06,-3.90625e-06,0.06324609375,16191
876,8.759999999999858,0.06324609375,0.06324609375,0.06324609375,16191
877,8.769999999999857,0.06399609375,0.06324609375,-3.90625e-06,-1
878,8.779999999999857,0.06324609375,0.06324609375,0.06324609375,16383
879,8.789999999999857,0.06324609375,0.06399609375,0.06324609375,16191
880,8.799999999999857,0.12724609375,0.06324609375,-3.90625e-06,-1
881,8.809999999999857,0.06324609375,-3.90625e-06,-0.00075390625,-1
882,8.819999999999856,-3.90625e-06,0.06324609375,0.06324609375,16191
883,8.829999999999856,0.06324609375,-3.90625e-06,0.06349609375,-1
884,8.839999999999856,0.06324609375,0.06324609375,-3.90625e-06,16191
885,8.849999999999856,0.06324609375,0.06324609375,0.06324609375,16191
886,8.859999999999856,-3.90625e-06,0.06324609375,-0.00050390625,16383
887,8.869999999999855,0.06324609375,0.06324609375,0.06324609375,-1
888,8.879999999999855,0.06399609375,0.06324609375,0.06324609375,16191
889,8.889999999999855,0.06324609375,0.06324609375,0.06324609375,16191
890,8.899999999999855,-0.00050390625,0.06399609375,-3.90625e-06,16191
891,8.909999999999854,-3.90625e-06,-3.90625e-06,0.06324609375,16191
892,8.919999999999854,0.06324609375,0.06324609375,-3.90625e-06,16191
893,8.929999999999854,-3.90625e-06,-3.90625e-06,0.06399609375,-1
894,8.939999999999854,0.06324609375,0.06324609375,0.06324609375,16191
895,8.949999999999854,-0.00050390625,-3.90625e-06,0.06324609375,16191
896,8.959999999999853,0.06324609375,-3.90625e-06,0.06324609375,16191
897,8.969999999999853,0.06324609375,0.06324609375,0.06324609375,16191
898,8.979999999999853,-3.90625e-06,-3.90625e-06,-3.90625e-06,16383
899,8.989999999999853,0.06324609375,0.06324609375,0.06324609375,16191
900,8.999999999999853,-3.90625e-06,0.06399609375,-0.00075390625,-1
901,9.009999999999852,-3.90625e-06,-3.90625e-06,-3.90625e-06,-1
902,9.019999999999852,0.06324609375,0.06324609375,0.06324609375,16191
903,9.029999999999852,0.06324609375,0.06324609375,0.06324609375,16191
904,9.039999999999852,0.06324609375,0.06324609375,0.06324609375,16191
905,9.049999999999851,0.06324609375,-3.90625e-06,0.06399609375,16191
906,9.059999999999851,-3.90625e-06,0.06324609375,0.06324609375,16191
907,9.069999999999851,0.06324609375,-3.90625e-06,0.06324609375,16191
908,9.07999999999985,0.06324609375,-3.90625e-06,0.06324609375,-1
909,9.08999999999985,0.06324609375,0.06324609375,0.06324609375,16191
910,9.09999999999985,-3.90625e-06,-3.90625e-06,0.06324609375,16191
911,9.10999999999985,0.06399609375,0.06324609375,0.06399609375,16191
912,9.11999999999985,0.06324609375,0.06399609375,-0.00075390625,16191
913,9.12999999999985,0.06324609375,0.06324609375,0.06399609375,16383
914,9.13999999999985,0.06324609375,-3.90625e-06,0.06324609375,16191
915,9.14999999999985,-3.90625e-06,-3.90625e-06,0.06324609375,16191
916,9.15999999999985,-3.90625e-06,0.06324609375,0.06324609375,16191
917,9.169999999999849,-3.90625e-06,-3.90625e-06,0.06324609375,-1
918,9.179999999999849,0.06324609375,0.06324609375,0.06324609375,16191
919,9.189999999999849,-3.90625e-06,0.06399609375,0.06324609375,16191
920,9.199999999999848,0.06324609375,0.06324609375,0.06324609375,16191
921,9.209999999999848,-0.00075390625,0.06399609375,-3.90625e-06,16191
922,9.219999999999848,-3.90625e-06,0.12724609375,0.06324609375,16191
923,9.229999999999848,0.06399609375,0.06324609375,-3.90625e-06,16255
924,9.239999999999847,0.06399609375,0.06324609375,0.06324609375,16191
925,9.249999999999847,0.06324609375,0.06324609375,0.06399609375,-193
926,9.259999999999847,0.06324609375,0.06324609375,0.06324609375,-1
927,9.269999999999847,0.06324609375,-3.90625e-06,0.06324609375,-1
928,9.279999999999847,0.06324609375,0.06324609375,0.06324609375,16191
929,9.289999999999846,0.06399609375,-0.00050390625,0.06349609375,-129
930,9.299999999999846,0.06324609375,0.06324609375,0.06324609375,16191
931,9.309999999999846,-3.90625e-06,-3.90625e-06,-3.90625e-06,-1
932,9.319999999999846,0.06324609375,-3.90625e-06,-3.90625e-06,-1
933,9.329999999999846,-3.90625e-06,-3.90625e-06,0.06399609375,16383
934,9.339999999999845,0.06324609375,0.06324609375,0.06324609375,16191
935,9.349999999999845,0.06324609375,0.06324609375,-3.90625e-06,-193
936,9.359999999999845,-3.90625e-06,0.06324609375,0.06324609375,16191
937,9.369999999999845,0.06399609375,-3.90625e-06,0.06324609375,16191
938,9.379999999999844,0.06324609375,0.06399609375,-3.90625e-06,16191
939,9.389999999999844,-3.90625e-06,0.06324609375,0.06324609375,16191
940,9.399999999999844,0.06399609375,0.06324609375,0.06324609375,16191
941,9.409999999999844,0.06324609375,0.06324609375,0.06324609375,16191
942,9.419999999999844,0.06399609375,0.06324609375,0.06399609375,16191
943,9.429999999999843,0.06324609375,-3.90625e-06,0.06324609375,16191
944,9.439999999999843,0.06324609375,0.06324609375,0.06324609375,16191
945,9.449999999999843,-3.90625e-06,0.06324609375,0.06399609375,-1
946,9.459999999999843,0.06324609375,0.06324609375,0.06324609375,16383
947,9.469999999999843,0.06399609375,-3.90625e-06,0.12724609375,-1
948,9.479999999999842,0.06324609375,0.06324609375,0.06324609375,16191
949,9.489999999999842,0.06399609375,-3.90625e-06,-3.90625e-06,16191
950,9.499999999999842,-3.90625e-06,0.06324609375,0.06324609375,-1
951,9.509999999999842,-0.0639765625,-0.12784375,-0.12784375,-16371
952,9.519999999999841,-0.0639765625,-0.12784375,-0.12784375,-16371
953,9.529999999999841,-0.0639765625,-0.12784375,-0.12784375,-16371
954,9.539999999999841,-0.06394921875,-0.12784375,-0.12784375,-16371
955,9.54999999999984,-0.06394921875,-0.12784375,-0.12784375,-11258
956,9.55999999999984,-0.0639765625,-0.12784375,-0.12784375,-16371
957,9.56999999999984,-0.06394921875,-0.12784375,-0.12784375,-16372
958,9.57999999999984,-0.06394921875,-0.12784375,-0.12784375,-16371
959,9.58999999999984,-0.06398828125,-0.12784375,-0.12784375,-16378
960,9.59999999999984,-0.06398828125,-0.12784375,-0.12784375,-16378
961,9.60999999999984,-0.06394921875,-0.12784375,-0.12784375,-16371
962,9.61999999999984,-0.0639765625,-0.12784375,-0.12784375,-16371
963,9.62999999999984,-0.06398828125,-0.12784375,-0.12784375,-16371
964,9.639999999999839,-0.0639765625,-0.12784375,-0.12784375,-32755
965,9.649999999999839,-0.0639765625,-0.12784375,-0.12784375,-16378
966,9.659999999999838,-0.06398828125,0.00015625,-0.12784375,-16378
967,9.669999999999838,-0.0639765625,-0.12784375,-0.12784375,-16371
968,9.679999999999838,-0.0639765625,-0.12784375,-0.12784375,-16371
969,9.689999999999838,-0.06398828125,-0.12784375,-0.12784375,-16371
970,9.699999999999838,-0.0639765625,-0.12784375,-0.12784375,-16371
971,9.709999999999837,-0.06394921875,-0.12784375,-0.12784375,-16371
972,9.719999999999837,-0.0639765625,-0.12784375,-0.12784375,-16371
973,9.729999999999837,-0.06398828125,-0.12784375,-0.12784375,-16371
974,9.739999999999837,-0.0639765625,-0.12784375,-0.12784375,-16371
975,9.749999999999837,-0.06394921875,-0.12784375,-0.12784375,-16371
976,9.759999999999836,-0.12798828125,-0.12784375,-0.12784375,-16378
977,9.769999999999836,-0.0639765625,-0.12784375,-0.12784375,-16371
978,9.779999999999836,-0.06394921875,-0.12784375,-0.12784375,-32755
979,9.789999999999836,-0.06398828125,-0.12784375,-0.12784375,-16371
980,9.799999999999836,-0.06398828125,-0.12784375,-0.12784375,-16371
981,9.809999999999835,-0.06394921875,-0.12784375,-0.12784375,-16378
982,9.819999999999835,-0.0639765625,-0.12784375,-0.12784375,-16378
983,9.829999999999835,-0.06398828125,-0.12784375,0.00015625,-16378
984,9.839999999999835,-0.1279765625,-0.12784375,-0.12784375,-16378
985,9.849999999999834,-0.06394921875,-0.12784375,-0.12784375,-32762
986,9.859999999999834,-0.0639765625,-0.12784375,-0.12784375,-16371
987,9.869999999999834,-0.06394921875,-0.12784375,-0.12784375,-12282
988,9.879999999999834,-0.06394921875,-0.12784375,-0.12784375,-12282
989,9.889999999999834,-0.0639765625,-0.12784375,-0.12784375,-32755
990,9.899999999999833,-0.06398828125,-0.12784375,-0.12784375,-16371
991,9.909999999999833,-0.0639765625,-0.12784375,-0.12784375,-32762
992,9.919999999999833,-0.0639765625,-0.12784375,-0.12784375,-16371
993,9.929999999999833,-0.06398828125,-0.12784375,-0.12784375,-12282
994,9.939999999999833,-0.0639765625,-0.12784375,-0.12784375,-16371
995,9.949999999999832,-0.12794921875,-0.12784375,0.00015625,-16371
996,9.959999999999832,-0.06394921875,-0.12784375,-0.12784375,-16371
997,9.969999999999832,-0.0639765625,-0.12784375,-0.12784375,-16378
998,9.979999999999832,-0.0639765625,-0.12784375,-0.12784375,-16378
999,9.989999999999831,-0.06394921875,-0.12784375,-0.12784375,-16371
1000,9.999999999999831,-0.0639765625,-0.12784375,-0.12784375,-16378
